station_id,station_name,institution,source_id,department,municipality,status,variables_declared,source_url,station_url,inventory_method,credit
amsclae_barraneche,Barraneche,AMSCLAE,amsclae_clima,Sololá,,por_verificar,"precipitation, temperature, relative_humidity, wind_speed, wind_direction, solar_radiation, uv_index",https://www.amsclae.gob.gt/clima/,,potential_station_from_select_options,Datos: AMSCLAE. Visualización y procesamiento: Mesa Técnica Agroclimática de Sololá.
amsclae_cerro_de_oro,Cerro de Oro,AMSCLAE,amsclae_clima,Sololá,,por_verificar,"precipitation, temperature, relative_humidity, wind_speed, wind_direction, solar_radiation, uv_index",https://www.amsclae.gob.gt/clima/,,potential_station_from_select_options,Datos: AMSCLAE. Visualización y procesamiento: Mesa Técnica Agroclimática de Sololá.
amsclae_concepcion,Concepcion,AMSCLAE,amsclae_clima,Sololá,,por_verificar,"precipitation, temperature, relative_humidity, wind_speed, wind_direction, solar_radiation, uv_index",https://www.amsclae.gob.gt/clima/,,potential_station_from_select_options,Datos: AMSCLAE. Visualización y procesamiento: Mesa Técnica Agroclimática de Sololá.
amsclae_diario,Diario,AMSCLAE,amsclae_clima,Sololá,,por_verificar,"precipitation, temperature, relative_humidity, wind_speed, wind_direction, solar_radiation, uv_index",https://www.amsclae.gob.gt/clima/,,potential_station_from_select_options,Datos: AMSCLAE. Visualización y procesamiento: Mesa Técnica Agroclimática de Sololá.
amsclae_el_tablon,El Tablon,AMSCLAE,amsclae_clima,Sololá,,por_verificar,"precipitation, temperature, relative_humidity, wind_speed, wind_direction, solar_radiation, uv_index",https://www.amsclae.gob.gt/clima/,,potential_station_from_select_options,Datos: AMSCLAE. Visualización y procesamiento: Mesa Técnica Agroclimática de Sololá.
amsclae_finca_santa_victoria,Finca Santa Victoria,AMSCLAE,amsclae_clima,Sololá,,por_verificar,"precipitation, temperature, relative_humidity, wind_speed, wind_direction, solar_radiation, uv_index",https://www.amsclae.gob.gt/clima/,,potential_station_from_select_options,Datos: AMSCLAE. Visualización y procesamiento: Mesa Técnica Agroclimática de Sololá.
amsclae_humedad,Humedad,AMSCLAE,amsclae_clima,Sololá,,por_verificar,"precipitation, temperature, relative_humidity, wind_speed, wind_direction, solar_radiation, uv_index",https://www.amsclae.gob.gt/clima/,,potential_station_from_select_options,Datos: AMSCLAE. Visualización y procesamiento: Mesa Técnica Agroclimática de Sololá.
amsclae_los_saminez,Los Saminez,AMSCLAE,amsclae_clima,Sololá,,por_verificar,"precipitation, temperature, relative_humidity, wind_speed, wind_direction, solar_radiation, uv_index",https://www.amsclae.gob.gt/clima/,,potential_station_from_select_options,Datos: AMSCLAE. Visualización y procesamiento: Mesa Técnica Agroclimática de Sololá.
amsclae_mensual,Mensual,AMSCLAE,amsclae_clima,Sololá,,por_verificar,"precipitation, temperature, relative_humidity, wind_speed, wind_direction, solar_radiation, uv_index",https://www.amsclae.gob.gt/clima/,,potential_station_from_select_options,Datos: AMSCLAE. Visualización y procesamiento: Mesa Técnica Agroclimática de Sololá.
amsclae_nahuala,Nahuala,AMSCLAE,amsclae_clima,Sololá,,por_verificar,"precipitation, temperature, relative_humidity, wind_speed, wind_direction, solar_radiation, uv_index",https://www.amsclae.gob.gt/clima/,,potential_station_from_select_options,Datos: AMSCLAE. Visualización y procesamiento: Mesa Técnica Agroclimática de Sololá.
amsclae_panajachel,Panajachel,AMSCLAE,amsclae_clima,Sololá,,por_verificar,"precipitation, temperature, relative_humidity, wind_speed, wind_direction, solar_radiation, uv_index",https://www.amsclae.gob.gt/clima/,,potential_station_from_select_options,Datos: AMSCLAE. Visualización y procesamiento: Mesa Técnica Agroclimática de Sololá.
amsclae_periodo,Período...,AMSCLAE,amsclae_clima,Sololá,,por_verificar,"precipitation, temperature, relative_humidity, wind_speed, wind_direction, solar_radiation, uv_index",https://www.amsclae.gob.gt/clima/,,potential_station_from_select_options,Datos: AMSCLAE. Visualización y procesamiento: Mesa Técnica Agroclimática de Sololá.
amsclae_precipitacion,Precipitación,AMSCLAE,amsclae_clima,Sololá,,por_verificar,"precipitation, temperature, relative_humidity, wind_speed, wind_direction, solar_radiation, uv_index",https://www.amsclae.gob.gt/clima/,,potential_station_from_select_options,Datos: AMSCLAE. Visualización y procesamiento: Mesa Técnica Agroclimática de Sololá.
amsclae_rad_solar_max_abs,Rad. Solar Max. Abs.,AMSCLAE,amsclae_clima,Sololá,,por_verificar,"precipitation, temperature, relative_humidity, wind_speed, wind_direction, solar_radiation, uv_index",https://www.amsclae.gob.gt/clima/,,potential_station_from_select_options,Datos: AMSCLAE. Visualización y procesamiento: Mesa Técnica Agroclimática de Sololá.
amsclae_radiacion_solar,Radiación Solar,AMSCLAE,amsclae_clima,Sololá,,por_verificar,"precipitation, temperature, relative_humidity, wind_speed, wind_direction, solar_radiation, uv_index",https://www.amsclae.gob.gt/clima/,,potential_station_from_select_options,Datos: AMSCLAE. Visualización y procesamiento: Mesa Técnica Agroclimática de Sololá.
amsclae_san_andres_semetabaj,San Andres Semetabaj,AMSCLAE,amsclae_clima,Sololá,,por_verificar,"precipitation, temperature, relative_humidity, wind_speed, wind_direction, solar_radiation, uv_index",https://www.amsclae.gob.gt/clima/,,potential_station_from_select_options,Datos: AMSCLAE. Visualización y procesamiento: Mesa Técnica Agroclimática de Sololá.
amsclae_san_antonio_palopo,San Antonio Palopo,AMSCLAE,amsclae_clima,Sololá,,por_verificar,"precipitation, temperature, relative_humidity, wind_speed, wind_direction, solar_radiation, uv_index",https://www.amsclae.gob.gt/clima/,,potential_station_from_select_options,Datos: AMSCLAE. Visualización y procesamiento: Mesa Técnica Agroclimática de Sololá.
amsclae_san_jose_chacaya,San Jose Chacaya,AMSCLAE,amsclae_clima,Sololá,,por_verificar,"precipitation, temperature, relative_humidity, wind_speed, wind_direction, solar_radiation, uv_index",https://www.amsclae.gob.gt/clima/,,potential_station_from_select_options,Datos: AMSCLAE. Visualización y procesamiento: Mesa Técnica Agroclimática de Sololá.
amsclae_san_juan_la_laguna,San Juan La Laguna,AMSCLAE,amsclae_clima,Sololá,,por_verificar,"precipitation, temperature, relative_humidity, wind_speed, wind_direction, solar_radiation, uv_index",https://www.amsclae.gob.gt/clima/,,potential_station_from_select_options,Datos: AMSCLAE. Visualización y procesamiento: Mesa Técnica Agroclimática de Sololá.
amsclae_san_lucas_toliman,San Lucas Toliman,AMSCLAE,amsclae_clima,Sololá,,por_verificar,"precipitation, temperature, relative_humidity, wind_speed, wind_direction, solar_radiation, uv_index",https://www.amsclae.gob.gt/clima/,,potential_station_from_select_options,Datos: AMSCLAE. Visualización y procesamiento: Mesa Técnica Agroclimática de Sololá.
amsclae_san_marcos_la_laguna,San Marcos La Laguna,AMSCLAE,amsclae_clima,Sololá,,por_verificar,"precipitation, temperature, relative_humidity, wind_speed, wind_direction, solar_radiation, uv_index",https://www.amsclae.gob.gt/clima/,,potential_station_from_select_options,Datos: AMSCLAE. Visualización y procesamiento: Mesa Técnica Agroclimática de Sololá.
amsclae_santa_catarina_palopo,Santa Catarina Palopo,AMSCLAE,amsclae_clima,Sololá,,por_verificar,"precipitation, temperature, relative_humidity, wind_speed, wind_direction, solar_radiation, uv_index",https://www.amsclae.gob.gt/clima/,,potential_station_from_select_options,Datos: AMSCLAE. Visualización y procesamiento: Mesa Técnica Agroclimática de Sololá.
amsclae_santa_cruz_la_laguna,Santa Cruz La Laguna,AMSCLAE,amsclae_clima,Sololá,,por_verificar,"precipitation, temperature, relative_humidity, wind_speed, wind_direction, solar_radiation, uv_index",https://www.amsclae.gob.gt/clima/,,potential_station_from_select_options,Datos: AMSCLAE. Visualización y procesamiento: Mesa Técnica Agroclimática de Sololá.
amsclae_santa_lucia_utatlan,Santa Lucia Utatlan,AMSCLAE,amsclae_clima,Sololá,,por_verificar,"precipitation, temperature, relative_humidity, wind_speed, wind_direction, solar_radiation, uv_index",https://www.amsclae.gob.gt/clima/,,potential_station_from_select_options,Datos: AMSCLAE. Visualización y procesamiento: Mesa Técnica Agroclimática de Sololá.
amsclae_santa_maria_visitacion,Santa Maria Visitacion,AMSCLAE,amsclae_clima,Sololá,,por_verificar,"precipitation, temperature, relative_humidity, wind_speed, wind_direction, solar_radiation, uv_index",https://www.amsclae.gob.gt/clima/,,potential_station_from_select_options,Datos: AMSCLAE. Visualización y procesamiento: Mesa Técnica Agroclimática de Sololá.
amsclae_santa_rita_nahuala,Santa Rita Nahuala,AMSCLAE,amsclae_clima,Sololá,,por_verificar,"precipitation, temperature, relative_humidity, wind_speed, wind_direction, solar_radiation, uv_index",https://www.amsclae.gob.gt/clima/,,potential_station_from_select_options,Datos: AMSCLAE. Visualización y procesamiento: Mesa Técnica Agroclimática de Sololá.
amsclae_santiago_atitlan,Santiago Atitlan,AMSCLAE,amsclae_clima,Sololá,,por_verificar,"precipitation, temperature, relative_humidity, wind_speed, wind_direction, solar_radiation, uv_index",https://www.amsclae.gob.gt/clima/,,potential_station_from_select_options,Datos: AMSCLAE. Visualización y procesamiento: Mesa Técnica Agroclimática de Sololá.
amsclae_seleccione_estacion,Seleccione Estación...,AMSCLAE,amsclae_clima,Sololá,,por_verificar,"precipitation, temperature, relative_humidity, wind_speed, wind_direction, solar_radiation, uv_index",https://www.amsclae.gob.gt/clima/,,potential_station_from_select_options,Datos: AMSCLAE. Visualización y procesamiento: Mesa Técnica Agroclimática de Sololá.
amsclae_solola,Solola,AMSCLAE,amsclae_clima,Sololá,,por_verificar,"precipitation, temperature, relative_humidity, wind_speed, wind_direction, solar_radiation, uv_index",https://www.amsclae.gob.gt/clima/,,potential_station_from_select_options,Datos: AMSCLAE. Visualización y procesamiento: Mesa Técnica Agroclimática de Sololá.
amsclae_temperatura_max,Temperatura Max,AMSCLAE,amsclae_clima,Sololá,,por_verificar,"precipitation, temperature, relative_humidity, wind_speed, wind_direction, solar_radiation, uv_index",https://www.amsclae.gob.gt/clima/,,potential_station_from_select_options,Datos: AMSCLAE. Visualización y procesamiento: Mesa Técnica Agroclimática de Sololá.
amsclae_temperatura_med,Temperatura Med.,AMSCLAE,amsclae_clima,Sololá,,por_verificar,"precipitation, temperature, relative_humidity, wind_speed, wind_direction, solar_radiation, uv_index",https://www.amsclae.gob.gt/clima/,,potential_station_from_select_options,Datos: AMSCLAE. Visualización y procesamiento: Mesa Técnica Agroclimática de Sololá.
amsclae_temperatura_min,Temperatura Min,AMSCLAE,amsclae_clima,Sololá,,por_verificar,"precipitation, temperature, relative_humidity, wind_speed, wind_direction, solar_radiation, uv_index",https://www.amsclae.gob.gt/clima/,,potential_station_from_select_options,Datos: AMSCLAE. Visualización y procesamiento: Mesa Técnica Agroclimática de Sololá.
amsclae_indice_uv_max_abs,Índice UV Max. Abs.,AMSCLAE,amsclae_clima,Sololá,,por_verificar,"precipitation, temperature, relative_humidity, wind_speed, wind_direction, solar_radiation, uv_index",https://www.amsclae.gob.gt/clima/,,potential_station_from_select_options,Datos: AMSCLAE. Visualización y procesamiento: Mesa Técnica Agroclimática de Sololá.
asociacion_vivamos_mejor_caserio_chuacruz,Caserío Chuacruz,Asociación Vivamos Mejor,vivamos_mejor_estaciones,Sololá,,mantenimiento,"precipitation, temperature, relative_humidity, wind",https://www.vivamosmejor.org.gt/sitio/estaciones-meteorologicas-solola/,,extracted_from_source_page,Datos: Asociación Vivamos Mejor. Visualización y procesamiento: Mesa Técnica Agroclimática de Sololá.
asociacion_vivamos_mejor_estacion_cedracc,Estación CEDRACC,Asociación Vivamos Mejor,vivamos_mejor_estaciones,Sololá,Santa Cruz La Laguna,por_verificar,"precipitation, temperature, relative_humidity, wind",https://www.vivamosmejor.org.gt/sitio/estaciones-meteorologicas-solola/,,extracted_from_source_page,Datos: Asociación Vivamos Mejor. Visualización y procesamiento: Mesa Técnica Agroclimática de Sololá.
asociacion_vivamos_mejor_estacion_casa_santa_rita,Estación Casa Santa Rita,Asociación Vivamos Mejor,vivamos_mejor_estaciones,Sololá,Santa Lucía Utatlán,por_verificar,"precipitation, temperature, relative_humidity, wind",https://www.vivamosmejor.org.gt/sitio/estaciones-meteorologicas-solola/,,extracted_from_source_page,Datos: Asociación Vivamos Mejor. Visualización y procesamiento: Mesa Técnica Agroclimática de Sololá.
asociacion_vivamos_mejor_estacion_coatitlan_r_l,Estación CoAtitlán R.L.,Asociación Vivamos Mejor,vivamos_mejor_estaciones,Sololá,Santiago Atitlán,por_verificar,"precipitation, temperature, relative_humidity, wind",https://www.vivamosmejor.org.gt/sitio/estaciones-meteorologicas-solola/,,extracted_from_source_page,Datos: Asociación Vivamos Mejor. Visualización y procesamiento: Mesa Técnica Agroclimática de Sololá.
asociacion_vivamos_mejor_estacion_escuela_de_formacion_agricola,Estación Escuela de Formación Agrícola,Asociación Vivamos Mejor,vivamos_mejor_estaciones,Sololá,Sololá,por_verificar,"precipitation, temperature, relative_humidity, wind",https://www.vivamosmejor.org.gt/sitio/estaciones-meteorologicas-solola/,,extracted_from_source_page,Datos: Asociación Vivamos Mejor. Visualización y procesamiento: Mesa Técnica Agroclimática de Sololá.
asociacion_vivamos_mejor_estacion_lomas_de_atitlan,Estación Lomas de Atitlán,Asociación Vivamos Mejor,vivamos_mejor_estaciones,Sololá,San Andrés Semetabaj,por_verificar,"precipitation, temperature, relative_humidity, wind",https://www.vivamosmejor.org.gt/sitio/estaciones-meteorologicas-solola/,,extracted_from_source_page,Datos: Asociación Vivamos Mejor. Visualización y procesamiento: Mesa Técnica Agroclimática de Sololá.
asociacion_vivamos_mejor_estacion_oficina_central,Estación Oficina Central,Asociación Vivamos Mejor,vivamos_mejor_estaciones,Sololá,Panajachel,por_verificar,"precipitation, temperature, relative_humidity, wind",https://www.vivamosmejor.org.gt/sitio/estaciones-meteorologicas-solola/,https://drive.google.com/drive/folders/1eN2qT29eTXJdKQPRW6F_BRhcz37m3Uak?usp=drive_link,extracted_from_source_page,Datos: Asociación Vivamos Mejor. Visualización y procesamiento: Mesa Técnica Agroclimática de Sololá.
asociacion_vivamos_mejor_estacion_santa_clara_tv_cable,Estación Santa Clara TV Cable,Asociación Vivamos Mejor,vivamos_mejor_estaciones,Sololá,Santa Clara La Laguna,por_verificar,"precipitation, temperature, relative_humidity, wind",https://www.vivamosmejor.org.gt/sitio/estaciones-meteorologicas-solola/,,extracted_from_source_page,Datos: Asociación Vivamos Mejor. Visualización y procesamiento: Mesa Técnica Agroclimática de Sololá.
insivumeh_el_capitan,El Capitán,INSIVUMEH,insivumeh_precipitaciones_departamentos,Sololá,,activa_por_verificar,"precipitation_accumulated, rain_days, dry_days",https://insivumeh.gob.gt/img/MAPAS_24H/Sin_Lluvia/Resumen_Departamentos.html,,from_observation_page,Datos: INSIVUMEH. Visualización y procesamiento: Mesa Técnica Agroclimática de Sololá.
insivumeh_el_tablon,El Tablón,INSIVUMEH,insivumeh_precipitaciones_departamentos,Sololá,,activa_por_verificar,"precipitation_accumulated, rain_days, dry_days",https://insivumeh.gob.gt/img/MAPAS_24H/Sin_Lluvia/Resumen_Departamentos.html,,from_observation_page,Datos: INSIVUMEH. Visualización y procesamiento: Mesa Técnica Agroclimática de Sololá.
insivumeh_santiago_atitlan,Santiago Atitlán,INSIVUMEH,insivumeh_precipitaciones_departamentos,Sololá,,activa_por_verificar,"precipitation_accumulated, rain_days, dry_days",https://insivumeh.gob.gt/img/MAPAS_24H/Sin_Lluvia/Resumen_Departamentos.html,,from_observation_page,Datos: INSIVUMEH. Visualización y procesamiento: Mesa Técnica Agroclimática de Sololá.
